,run,epoch,train/loss,test/loss,train/perplexity,test/perplexity,epoch duration,run duration,model_type,lr,batch_size,dropout,layers_num,seq_sz,w_decay
0,1,1,6.382983897197262,5.6831097695885635,591,293,524,529,ModelType.GRU,0.001,20,0,2,20,1e-06
1,1,2,5.246984997033765,5.182536229854676,189,178,710,1240,ModelType.GRU,0.001,20,0,2,20,1e-06
2,1,3,4.818788614039066,5.03771816579307,123,154,2994,4239,ModelType.GRU,0.001,20,0,2,20,1e-06
3,1,4,4.560325127144697,4.970574832544094,95,144,1785,6030,ModelType.GRU,0.001,20,0,2,20,1e-06
